"x","y","s_index_nereo"
395977.000000008,4650584.99999996,2.10756897926331
396877.000000008,4650584.99999996,2.76476955413818
397777.000000008,4650584.99999996,2.56870937347412
398677.000000008,4650584.99999996,2.05435105164846
396877.000000008,4649684.99999996,2.77658673695156
397777.000000008,4649684.99999996,3.12278705173069
398677.000000008,4649684.99999996,2.76427200105455
396877.000000008,4648784.99999996,2.41517746448517
397777.000000008,4648784.99999996,2.48476685796465
398677.000000008,4648784.99999996,2.76382417149014
397777.000000008,4647884.99999996,2.26290884017944
398677.000000008,4647884.99999996,3.11077112621731
399577.000000008,4647884.99999996,2.41872398058573
397777.000000008,4646984.99999996,2.22031450271606
398677.000000008,4646984.99999996,2.39588963985443
399577.000000008,4646984.99999996,1.87932574748993
398677.000000008,4646084.99999996,1.90602985024452
399577.000000008,4646084.99999996,1.83682960271835
398677.000000008,4645184.99999996,1.80989662806193
398677.000000008,4643384.99999996,2.48518278598785
398677.000000008,4642484.99999996,2.21411814689636
398677.000000008,4641584.99999996,1.89902565479279
398677.000000008,4640684.99999996,1.74486076831818
398677.000000008,4639784.99999996,1.73081254959106
398677.000000008,4638884.99999996,1.71304488182068
398677.000000008,4637984.99999996,1.70447146892548
398677.000000008,4637084.99999996,1.689470911026
397777.000000008,4635284.99999996,1.65756380558014
397777.000000008,4634384.99999996,1.63615226745605
393277.000000008,4633484.99999996,1.87948966026306
394177.000000008,4633484.99999996,1.78252643346786
397777.000000008,4633484.99999996,1.62486469745636
386077.000000009,4632584.99999996,2.63537204265594
391477.000000009,4632584.99999996,2.52703301111857
394177.000000008,4632584.99999996,2.08032804727554
397777.000000008,4632584.99999996,1.60881312688192
385177.000000009,4631684.99999996,2.46948766708374
386077.000000009,4631684.99999996,2.87224793434143
387877.000000009,4631684.99999996,2.92141056060791
388777.000000009,4631684.99999996,2.87967856725057
389677.000000009,4631684.99999996,2.5963414311409
391477.000000009,4631684.99999996,2.59923624992371
392377.000000008,4631684.99999996,2.30191326141357
393277.000000008,4631684.99999996,1.99670219421387
396877.000000008,4631684.99999996,1.58793830871582
397777.000000008,4631684.99999996,1.59804368019104
386977.000000009,4630784.99999996,2.51825749874115
387877.000000009,4630784.99999996,2.75934815406799
388777.000000009,4630784.99999996,2.37441551685333
389677.000000009,4630784.99999996,2.68367187182109
390577.000000009,4630784.99999996,2.60799160003662
391477.000000009,4630784.99999996,2.62490235434638
392377.000000008,4630784.99999996,2.61558969815572
393277.000000008,4630784.99999996,1.76235340535641
394177.000000008,4630784.99999996,1.87836154301961
395077.000000008,4630784.99999996,1.70243306954702
396877.000000008,4630784.99999996,1.5777995189031
386977.000000009,4629884.99999996,2.4579971631368
387877.000000009,4629884.99999996,2.81624878777398
388777.000000009,4629884.99999996,2.39128507508172
389677.000000009,4629884.99999996,2.57882101005978
390577.000000009,4629884.99999996,2.49914634227753
391477.000000009,4629884.99999996,2.23063080840641
392377.000000008,4629884.99999996,2.46916086143918
393277.000000008,4629884.99999996,1.83255871136983
394177.000000008,4629884.99999996,2.00306876500448
395077.000000008,4629884.99999996,1.75541324615479
396877.000000008,4629884.99999996,1.55152350664139
386077.000000009,4628984.99999996,2.67256474494934
386977.000000009,4628984.99999996,2.30502847830454
387877.000000009,4628984.99999996,2.71236030260722
388777.000000009,4628984.99999996,2.63163921568129
389677.000000009,4628984.99999996,2.27515942520565
390577.000000009,4628984.99999996,2.2462619278166
391477.000000009,4628984.99999996,2.30011681715647
392377.000000008,4628984.99999996,2.38635745313433
393277.000000008,4628984.99999996,1.69250988960266
395977.000000008,4628984.99999996,1.56662091612816
396877.000000008,4628984.99999996,1.54089987277985
386977.000000009,4628084.99999996,2.48799753189087
388777.000000009,4628084.99999996,2.34788882732391
389677.000000009,4628084.99999996,2.46868014335632
390577.000000009,4628084.99999996,2.17289204067654
391477.000000009,4628084.99999996,1.83773758676317
392377.000000008,4628084.99999996,2.14275864760081
393277.000000008,4628084.99999996,1.71425198184119
394177.000000008,4628084.99999996,1.84859478473663
395077.000000008,4628084.99999996,1.69889760017395
395977.000000008,4628084.99999996,1.65196752548218
387877.000000009,4627184.99999996,2.48570919036865
388777.000000009,4627184.99999996,2.58910799026489
389677.000000009,4627184.99999996,2.61055946350098
390577.000000009,4627184.99999996,2.66428852081299
391477.000000009,4627184.99999996,1.98782954216003
392377.000000008,4627184.99999996,2.3223667939504
393277.000000008,4627184.99999996,2.10106534428067
394177.000000008,4627184.99999996,1.8299337360594
395077.000000008,4627184.99999996,2.17744116485119
391477.000000009,4626284.99999996,2.29820287227631
392377.000000008,4626284.99999996,2.42824044823647
393277.000000008,4626284.99999996,2.07116612792015
394177.000000008,4626284.99999996,1.75721564888954
395077.000000008,4626284.99999996,2.3854345480601
392377.000000008,4625384.99999996,2.2511967420578
393277.000000008,4625384.99999996,1.69278903007507
395077.000000008,4625384.99999996,2.04408183693886
395977.000000008,4625384.99999996,2.26010839144389
395077.000000008,4624484.99999996,2.55719256401062
395977.000000008,4624484.99999996,2.27408157076154
396877.000000008,4624484.99999996,1.65841060876846
395077.000000008,4623584.99999996,1.42442961533864
395977.000000008,4623584.99999996,2.37099719047546
396877.000000008,4623584.99999996,2.16707887914446
397777.000000008,4623584.99999996,2.17051389813423
395977.000000008,4622684.99999996,1.40670895576477
396877.000000008,4622684.99999996,1.66218852996826
397777.000000008,4622684.99999996,2.05122326314449
398677.000000008,4622684.99999996,2.11962983012199
397777.000000008,4621784.99999996,2.20202338695526
398677.000000008,4621784.99999996,1.89675291946956
399577.000000008,4621784.99999996,2.2476419040135
400477.000000008,4621784.99999996,1.89160299301147
401377.000000008,4621784.99999996,1.34990322589874
399577.000000008,4620884.99999996,1.76161570208413
400477.000000008,4620884.99999996,1.94366643163893
401377.000000008,4620884.99999996,1.84995356627873
402277.000000008,4620884.99999996,1.64558660984039
399577.000000008,4619984.99999996,1.66879165172577
400477.000000008,4619984.99999996,2.26933154794905
401377.000000008,4619984.99999996,2.28025452295939
402277.000000008,4619984.99999996,1.71651436388493
403177.000000008,4619984.99999996,1.33285732269287
399577.000000008,4619084.99999996,1.59263702233632
400477.000000008,4619084.99999996,2.17080406347911
401377.000000008,4619084.99999996,2.28831418355306
402277.000000008,4619084.99999996,1.93056130409241
403177.000000008,4619084.99999996,1.32591110467911
404077.000000008,4619084.99999996,1.32124996185303
400477.000000008,4618184.99999996,1.66742086410522
401377.000000008,4618184.99999996,1.81224384903908
402277.000000008,4618184.99999996,1.54201558232307
404077.000000008,4618184.99999996,1.47554469108582
399577.000000008,4617284.99999996,2.29720854759216
400477.000000008,4617284.99999996,2.09864502482944
401377.000000008,4617284.99999996,1.80512970685959
402277.000000008,4617284.99999996,1.53736114501953
403177.000000008,4617284.99999996,1.72789216041565
404077.000000008,4617284.99999996,1.32625029768263
399577.000000008,4616384.99999996,2.23584818840027
400477.000000008,4616384.99999996,2.21983294486999
401377.000000008,4616384.99999996,1.78044486045837
402277.000000008,4616384.99999996,1.92368474006653
403177.000000008,4616384.99999996,1.63258698582649
404077.000000008,4616384.99999996,1.47932388385137
400477.000000008,4615484.99999996,1.71016848087311
401377.000000008,4615484.99999996,1.5109735429287
402277.000000008,4615484.99999996,1.37383396625519
403177.000000008,4615484.99999996,1.61642119619581
404077.000000008,4615484.99999996,1.68209862709045
404977.000000008,4615484.99999996,1.40913724899292
402277.000000008,4614584.99999996,1.69195145368576
403177.000000008,4614584.99999996,1.51344769341605
404077.000000008,4614584.99999996,1.93884958161248
404977.000000008,4614584.99999996,1.71658019224803
402277.000000008,4613684.99999996,1.67054885625839
403177.000000008,4613684.99999996,1.76883378293779
404077.000000008,4613684.99999996,1.89706581168705
404977.000000008,4613684.99999996,2.10770738124847
402277.000000008,4612784.99999996,1.28020679950714
403177.000000008,4612784.99999996,2.104291094674
404077.000000008,4612784.99999996,2.03150539928012
404977.000000008,4612784.99999996,1.85725810130437
402277.000000008,4611884.99999996,1.76197588443756
403177.000000008,4611884.99999996,2.089365452528
404077.000000008,4611884.99999996,1.99103285206689
404977.000000008,4611884.99999996,2.07466611266136
405877.000000008,4611884.99999996,2.07008361816406
404077.000000008,4610984.99999996,1.94868198462895
404977.000000008,4610984.99999996,2.08779717816247
405877.000000008,4610984.99999996,1.90784978866577
403177.000000008,4610084.99999996,1.9122496843338
404077.000000008,4610084.99999996,1.76776707172394
404977.000000008,4610084.99999996,1.94545140531328
405877.000000008,4610084.99999996,1.76458864741855
404077.000000008,4609184.99999996,1.89035105705261
404977.000000008,4609184.99999996,1.80108612113529
405877.000000008,4609184.99999996,1.9997965991497
406777.000000008,4609184.99999996,2.06235975027084
404077.000000008,4608284.99999996,2.19180798530579
404977.000000008,4608284.99999996,1.87152387698491
405877.000000008,4608284.99999996,1.82513837516308
406777.000000008,4608284.99999996,1.6424978574117
405877.000000008,4607384.99999996,1.56129702499935
406777.000000008,4607384.99999996,1.84433685408698
405877.000000008,4606484.99999996,1.56141807635625
406777.000000008,4606484.99999996,1.77419324715932
407677.000000008,4606484.99999996,1.57003072897593
405877.000000008,4605584.99999996,1.67075568437576
406777.000000008,4605584.99999996,1.82508754730225
407677.000000008,4605584.99999996,1.63319345315297
405877.000000008,4604684.99999996,1.46333760023117
406777.000000008,4604684.99999996,1.84385071481977
407677.000000008,4604684.99999996,1.80926294326782
404077.000000008,4603784.99999996,2.13802170753479
404977.000000008,4603784.99999996,1.2948225736618
405877.000000008,4603784.99999996,1.5106840133667
406777.000000008,4603784.99999996,1.47007036209106
407677.000000008,4603784.99999996,1.5734897851944
404977.000000008,4602884.99999996,1.8058785200119
405877.000000008,4602884.99999996,1.43080151081085
406777.000000008,4602884.99999996,1.76318142811457
407677.000000008,4602884.99999996,1.89188543387822
405877.000000008,4601984.99999996,1.39452850818634
406777.000000008,4601984.99999996,1.44632049969264
407677.000000008,4601984.99999996,1.54563625653585
406777.000000008,4601084.99999996,1.5515602350235
407677.000000008,4601084.99999996,1.50280879437923
408577.000000007,4601084.99999996,1.34965071082115
408577.000000007,4600184.99999996,1.22042315006256
408577.000000007,4599284.99999996,1.12809379895528
409477.000000007,4599284.99999996,1.12207472324371
408577.000000007,4598384.99999996,1.34893465042114
409477.000000007,4598384.99999996,1.118292649587
408577.000000007,4597484.99999996,1.10951201121012
408577.000000007,4596584.99999996,1.2241758108139
409477.000000007,4596584.99999996,1.21127212047577
408577.000000007,4595684.99999996,1.20159029960632
409477.000000007,4595684.99999996,1.18520023822784
409477.000000007,4594784.99999997,1.17562821507454
409477.000000007,4593884.99999997,1.09431195259094
410377.000000007,4593884.99999997,1.45324921607971
410377.000000007,4592984.99999997,1.16993570327759
410377.000000007,4592084.99999997,1.08333190282186
410377.000000007,4591184.99999997,1.07406997680664
405877.000000008,4590284.99999997,1.05819141864777
410377.000000007,4590284.99999997,1.09153914451599
410377.000000007,4589384.99999997,1.05904674530029
410377.000000007,4588484.99999997,1.04812177022298
405877.000000008,4587584.99999997,1.02525389194489
410377.000000007,4587584.99999997,1.03994044661522
409477.000000007,4586684.99999997,1.04458689689636
410377.000000007,4586684.99999997,1.03195210297902
409477.000000007,4585784.99999997,1.10851871967316
410377.000000007,4585784.99999997,1.02463436126709
409477.000000007,4584884.99999997,1.01614538828532
410377.000000007,4584884.99999997,1.01838165521622
409477.000000007,4583984.99999997,1.0088343222936
409477.000000007,4583084.99999997,1.00159639120102
409477.000000007,4582184.99999997,0.994641979535421
409477.000000007,4581284.99999997,0.999588504433632
409477.000000007,4580384.99999997,0.97564123570919
408577.000000007,4579484.99999997,0.960882425308228
409477.000000007,4579484.99999997,0.965605715910594
408577.000000007,4578584.99999997,0.954661349455516
401377.000000008,4577684.99999997,1.62590485811234
408577.000000007,4577684.99999997,1.04052313736507
400477.000000008,4576784.99999997,1.44806444644928
401377.000000008,4576784.99999997,1.56296670436859
407677.000000008,4576784.99999997,1.44016551971436
408577.000000007,4576784.99999997,1.15709307789803
404077.000000008,4575884.99999997,1.07956755161285
407677.000000008,4575884.99999997,1.2606631120046
408577.000000007,4575884.99999997,1.21529219150543
404077.000000008,4574984.99999997,1.26060700416565
407677.000000008,4574984.99999997,1.37482873598735
408577.000000007,4574984.99999997,1.16754325230916
407677.000000008,4574084.99999997,1.02636524041494
407677.000000008,4573184.99999997,0.908627760410309
407677.000000008,4572284.99999997,0.993378539880117
407677.000000008,4571384.99999997,1.3797705322504
407677.000000008,4570484.99999997,0.89458541572094
406777.000000008,4569584.99999997,0.885712027549744
407677.000000008,4569584.99999997,0.888657768567403
406777.000000008,4568684.99999997,0.879172176122665
406777.000000008,4567784.99999997,0.872421413660049
406777.000000008,4566884.99999997,0.862823277711868
406777.000000008,4565984.99999997,0.853420515855153
405877.000000008,4565084.99999997,0.842978954315186
406777.000000008,4565084.99999997,0.847971320152283
405877.000000008,4564184.99999997,0.834996736049652
405877.000000008,4563284.99999997,0.83198544383049
404977.000000008,4561484.99999997,0.830858727296193
405877.000000008,4561484.99999997,0.829870283603668
404977.000000008,4560584.99999997,0.82951682806015
404977.000000008,4559684.99999997,0.82704684138298
404077.000000008,4558784.99999997,0.824670016765594
404077.000000008,4557884.99999997,0.823519587516785
404077.000000008,4556984.99999997,0.81975445151329
403177.000000008,4556084.99999997,0.816433727741241
404077.000000008,4556084.99999997,0.818465411663055
400477.000000008,4555184.99999997,0.938481509685516
401377.000000008,4555184.99999997,1.12809014320374
402277.000000008,4555184.99999997,1.21870263417562
403177.000000008,4555184.99999997,1.18685755133629
400477.000000008,4554284.99999997,1.10768208652735
401377.000000008,4554284.99999997,1.26598126358456
402277.000000008,4554284.99999997,1.38819356759389
400477.000000008,4553384.99999997,1.09089177846909
401377.000000008,4553384.99999997,1.32429185178545
402277.000000008,4553384.99999997,1.39218652248383
400477.000000008,4552484.99999997,1.11884703636169
401377.000000008,4552484.99999997,1.31185583935844
402277.000000008,4552484.99999997,1.4585702419281
400477.000000008,4551584.99999997,1.17396392822266
401377.000000008,4551584.99999997,1.09076393312878
402277.000000008,4551584.99999997,1.19677584171295
400477.000000008,4550684.99999997,1.00610262155533
401377.000000008,4550684.99999997,1.06919420427746
402277.000000008,4550684.99999997,1.24726529121399
401377.000000008,4549784.99999997,1.10373037202018
402277.000000008,4549784.99999997,1.41863284508387
401377.000000008,4548884.99999997,1.3011876212226
402277.000000008,4548884.99999997,1.33506240447362
400477.000000008,4547984.99999997,1.22014939785004
401377.000000008,4547984.99999997,1.24529120657179
402277.000000008,4547984.99999997,1.34487444162369
400477.000000008,4547084.99999997,1.38256573677063
401377.000000008,4547084.99999997,1.42261685265435
402277.000000008,4547084.99999997,1.38171572983265
403177.000000008,4547084.99999997,1.53334164619446
400477.000000008,4546184.99999997,1.2865629196167
401377.000000008,4546184.99999997,1.40851669841342
402277.000000008,4546184.99999997,1.47601617707147
403177.000000008,4546184.99999997,1.14123493432999
400477.000000008,4545284.99999997,1.13568842411041
401377.000000008,4545284.99999997,1.2876812517643
402277.000000008,4545284.99999997,1.32358002662659
403177.000000008,4545284.99999997,1.4717739423116
404077.000000008,4545284.99999997,1.19242844978968
400477.000000008,4544384.99999997,0.880821108818054
401377.000000008,4544384.99999997,1.01465473572413
402277.000000008,4544384.99999997,1.15608191490173
403177.000000008,4544384.99999997,1.10739468038082
404077.000000008,4544384.99999997,0.902177333831787
404977.000000008,4544384.99999997,0.992584145069122
401377.000000008,4543484.99999997,1.0571995973587
402277.000000008,4543484.99999997,1.16589502990246
404977.000000008,4543484.99999997,0.91354660987854
402277.000000008,4542584.99999997,1.16099059581757
404977.000000008,4542584.99999997,0.913266316056252
404977.000000008,4541684.99999997,0.915796120961507
404977.000000008,4540784.99999997,0.916999787092209
404977.000000008,4539884.99999997,0.919495344161987
404977.000000008,4538984.99999997,0.920533269643784
404977.000000008,4538084.99999997,0.921157379945119
404977.000000008,4537184.99999997,0.923475821812948
404077.000000008,4536284.99999997,0.922116994857788
404977.000000008,4536284.99999997,0.925926834344864
404077.000000008,4535384.99999997,0.927594006061554
404077.000000008,4534484.99999997,0.9295624345541
404077.000000008,4533584.99999997,0.932763655980428
403177.000000008,4532684.99999997,0.935698688030243
402277.000000008,4531784.99999997,0.928060501813889
403177.000000008,4531784.99999997,0.939440568288167
403177.000000008,4530884.99999997,0.942479264736175
403177.000000008,4529984.99999997,0.942184612154961
402277.000000008,4529084.99999997,0.940134465694427
403177.000000008,4529084.99999997,0.941858450571696
401377.000000008,4528184.99999997,0.935512185096741
402277.000000008,4528184.99999997,0.940089265505473
403177.000000008,4528184.99999997,0.942135572433472
401377.000000008,4527284.99999997,0.93641659617424
402277.000000008,4527284.99999997,0.939002394676208
401377.000000008,4526384.99999997,0.938750520348549
402277.000000008,4526384.99999997,0.939438223838806
401377.000000008,4525484.99999997,0.938956767320633
400477.000000008,4524584.99999997,0.941122055053711
400477.000000008,4523684.99999997,0.945348680019379
399577.000000008,4522784.99999997,0.948724627494812
400477.000000008,4522784.99999997,0.947375237941742
399577.000000008,4521884.99999997,0.951123982667923
399577.000000008,4520984.99999997,0.955677211284637
398677.000000008,4520084.99999997,0.958554267883301
399577.000000008,4520084.99999997,0.958002865314484
396877.000000008,4519184.99999997,1.05139344930649
398677.000000008,4519184.99999997,0.95924307902654
397777.000000008,4518284.99999997,0.959229856729507
397777.000000008,4517384.99999997,0.959943220019341
396877.000000008,4516484.99999997,0.960007607936859
397777.000000008,4516484.99999997,0.960509836673737
395977.000000008,4515584.99999997,0.958827197551727
396877.000000008,4515584.99999997,0.960178375244141
393277.000000008,4513784.99999997,1.00272393226624
395077.000000008,4513784.99999997,1.62535838286082
393277.000000008,4512884.99999997,0.967535257339478
395077.000000008,4512884.99999997,1.08685675263405
394177.000000008,4511984.99999997,0.958675682544708
395077.000000008,4511984.99999997,0.960181057453156
394177.000000008,4511084.99999997,0.961900964379311
393277.000000008,4510184.99999997,0.963496565818787
394177.000000008,4510184.99999997,0.964485883712769
393277.000000008,4509284.99999997,0.965068131685257
394177.000000008,4509284.99999997,0.966621816158295
392377.000000008,4508384.99999997,0.969225347042084
393277.000000008,4508384.99999997,0.969873289267222
391477.000000009,4507484.99999997,0.973682105541229
392377.000000008,4507484.99999997,0.973194062709808
391477.000000009,4506584.99999997,0.976292836666107
390577.000000009,4505684.99999997,0.98028035958608
391477.000000009,4505684.99999997,0.981815338134766
390577.000000009,4504784.99999997,0.984209607044856
389677.000000009,4503884.99999997,0.988461166620255
390577.000000009,4503884.99999997,0.989821910858154
389677.000000009,4502984.99999997,0.994388123353322
388777.000000009,4502084.99999997,1.00179016590118
389677.000000009,4502084.99999997,0.999481916427612
386077.000000009,4501184.99999997,0.982576966285706
388777.000000009,4501184.99999997,1.00983533859253
387877.000000009,4500284.99999997,1.01814046502113
388777.000000009,4500284.99999997,1.01549315452576
387877.000000009,4499384.99999997,1.02345457673073
386977.000000009,4498484.99999997,1.05335454146067
387877.000000009,4498484.99999997,1.07655489444733
383377.000000009,4497584.99999997,1.05602335929871
386077.000000009,4497584.99999997,1.03765594959259
386977.000000009,4497584.99999997,1.03813654184341
386077.000000009,4496684.99999997,1.04794475436211
386077.000000009,4495784.99999997,1.05461019277573
386077.000000009,4494884.99999997,1.2576410373052
385177.000000009,4493984.99999997,1.07555129528046
386077.000000009,4493984.99999997,1.3231865465641
385177.000000009,4493084.99999997,1.37423531214396
384277.000000009,4492184.99999997,1.09659934043884
385177.000000009,4492184.99999997,1.27079170942307
384277.000000009,4491284.99999997,1.11287668347359
383377.000000009,4490384.99999997,1.13320028781891
384277.000000009,4490384.99999997,1.12912170092265
383377.000000009,4489484.99999997,1.14813435077667
382477.000000009,4488584.99999997,1.19103940895626
383377.000000009,4488584.99999997,1.17176821231842
380677.000000009,4487684.99999997,1.24329173564911
381577.000000009,4487684.99999997,1.26433261235555
382477.000000009,4487684.99999997,1.30316876040565
383377.000000009,4487684.99999997,1.3891436457634
380677.000000009,4486784.99999997,1.92843502759933
381577.000000009,4486784.99999997,2.0384157233768
382477.000000009,4486784.99999997,1.98045237064362
379777.000000009,4485884.99999997,1.98692190647125
380677.000000009,4485884.99999997,1.90270819928911
381577.000000009,4485884.99999997,1.82317104935646
379777.000000009,4484984.99999997,1.91383588314056
380677.000000009,4484984.99999997,1.70003896289402
381577.000000009,4484984.99999997,1.81692956553565
382477.000000009,4484984.99999997,1.91497230529785
373477.00000001,4484084.99999998,2.05669546127319
374377.00000001,4484084.99999998,1.89485249519348
375277.00000001,4484084.99999998,2.04926679531733
376177.00000001,4484084.99999998,1.6926246881485
379777.000000009,4484084.99999998,1.62503906658718
380677.000000009,4484084.99999998,1.44212492307027
381577.000000009,4484084.99999998,1.55872400601705
382477.000000009,4484084.99999998,1.54424631595612
371677.00000001,4483184.99999998,2.00828337669373
372577.00000001,4483184.99999998,1.88527137041092
373477.00000001,4483184.99999998,2.00318333837721
374377.00000001,4483184.99999998,2.10448589589861
375277.00000001,4483184.99999998,2.15233550071716
376177.00000001,4483184.99999998,2.19694423675537
378877.000000009,4483184.99999998,1.66231065988541
379777.000000009,4483184.99999998,2.01886436343193
380677.000000009,4483184.99999998,2.00340065691206
381577.000000009,4483184.99999998,1.7796204884847
382477.000000009,4483184.99999998,1.43312418460846
371677.00000001,4482284.99999998,2.03013491630554
372577.00000001,4482284.99999998,1.57645343031202
373477.00000001,4482284.99999998,1.44523636500041
374377.00000001,4482284.99999998,1.96100568771362
377977.000000009,4482284.99999998,1.35186203320821
378877.000000009,4482284.99999998,1.47972349325816
379777.000000009,4482284.99999998,1.89387848642137
380677.000000009,4482284.99999998,1.98846062024434
381577.000000009,4482284.99999998,2.0534813006719
377077.00000001,4481384.99999998,1.50671458244324
377977.000000009,4481384.99999998,1.86474805218833
378877.000000009,4481384.99999998,2.04879393842485
379777.000000009,4481384.99999998,1.9205189148585
380677.000000009,4481384.99999998,1.68493910630544
381577.000000009,4481384.99999998,1.40485554933548
372577.00000001,4480484.99999998,1.43594026565552
373477.00000001,4480484.99999998,1.47184073925018
375277.00000001,4480484.99999998,1.26300299167633
376177.00000001,4480484.99999998,1.26974308490753
377077.00000001,4480484.99999998,1.28027029832204
377977.000000009,4480484.99999998,1.29958547486199
378877.000000009,4480484.99999998,1.55018536249797
379777.000000009,4480484.99999998,2.03625592920515
380677.000000009,4480484.99999998,1.65015584892697
381577.000000009,4480484.99999998,1.65783846378326
373477.00000001,4479584.99999998,1.77440898418427
374377.00000001,4479584.99999998,1.67918233076731
375277.00000001,4479584.99999998,1.81768543720245
376177.00000001,4479584.99999998,1.72593082487583
377077.00000001,4479584.99999998,1.3959057993359
377977.000000009,4479584.99999998,1.36672659715017
378877.000000009,4479584.99999998,1.73083525233799
379777.000000009,4479584.99999998,1.93749679459466
380677.000000009,4479584.99999998,2.09680645465851
374377.00000001,4478684.99999998,2.12074971199036
375277.00000001,4478684.99999998,2.13102872669697
376177.00000001,4478684.99999998,2.0294742849138
377077.00000001,4478684.99999998,1.8736797703637
377977.000000009,4478684.99999998,1.86517179012299
378877.000000009,4478684.99999998,1.90913368595971
379777.000000009,4478684.99999998,1.91311931610107
380677.000000009,4478684.99999998,1.45223712921143
375277.00000001,4477784.99999998,2.1057626803716
376177.00000001,4477784.99999998,1.89638871616787
377077.00000001,4477784.99999998,1.85667105515798
377977.000000009,4477784.99999998,1.65404351552327
378877.000000009,4477784.99999998,2.05507985750834
379777.000000009,4477784.99999998,2.30469524860382
374377.00000001,4476884.99999998,1.98591461181641
375277.00000001,4476884.99999998,2.00686889035361
376177.00000001,4476884.99999998,1.86418378353119
377077.00000001,4476884.99999998,1.8270431359609
377977.000000009,4476884.99999998,1.8815893597073
378877.000000009,4476884.99999998,1.71287327342563
379777.000000009,4476884.99999998,1.85029900074005
375277.00000001,4475984.99999998,1.86986446380615
377077.00000001,4475984.99999998,2.30903911590576
377977.000000009,4475984.99999998,2.13443899154663
378877.000000009,4475984.99999998,2.01332606209649
379777.000000009,4475984.99999998,1.97779055436452
377077.00000001,4475084.99999998,1.99435687065125
377977.000000009,4475084.99999998,1.9900119304657
378877.000000009,4475084.99999998,1.93933418393135
379777.000000009,4475084.99999998,2.27534351083967
380677.000000009,4475084.99999998,1.81170944372813
377977.000000009,4474184.99999998,2.32803463935852
378877.000000009,4474184.99999998,2.12565847237905
379777.000000009,4474184.99999998,2.26429113319942
380677.000000009,4474184.99999998,2.0479382276535
377977.000000009,4473284.99999998,2.17053377628326
378877.000000009,4473284.99999998,2.41651624441147
379777.000000009,4473284.99999998,2.13141499625312
380677.000000009,4473284.99999998,2.41512687504292
378877.000000009,4472384.99999998,2.05589437484741
379777.000000009,4472384.99999998,1.89315263430278
380677.000000009,4472384.99999998,2.37509495682187
381577.000000009,4472384.99999998,2.33614453673363
382477.000000009,4472384.99999998,2.09098091125488
380677.000000009,4471484.99999998,1.82091748714447
381577.000000009,4471484.99999998,2.02105338232858
382477.000000009,4471484.99999998,2.02704970041911
383377.000000009,4471484.99999998,1.91151344776154
381577.000000009,4470584.99999998,1.90233489445278
382477.000000009,4470584.99999998,1.94040137529373
383377.000000009,4470584.99999998,1.94761145114899
382477.000000009,4469684.99999998,2.19496015139989
383377.000000009,4469684.99999998,1.86669033765793
382477.000000009,4468784.99999998,1.98535895347595
383377.000000009,4468784.99999998,2.38120055198669
382477.000000009,4467884.99999998,2.01985724767049
383377.000000009,4467884.99999998,2.89859869745043
383377.000000009,4466984.99999998,2.6468280951182
384277.000000009,4466984.99999998,2.68797381718953
383377.000000009,4466084.99999998,3.19523374239604
384277.000000009,4466084.99999998,3.12051951885223
383377.000000009,4465184.99999998,3.54697183767954
384277.000000009,4465184.99999998,3.408420642217
383377.000000009,4464284.99999998,3.54184450422014
384277.000000009,4464284.99999998,2.95427645955767
385177.000000009,4464284.99999998,3.22485065460205
383377.000000009,4463384.99999998,3.55458579063416
384277.000000009,4463384.99999998,3.44553354051378
385177.000000009,4463384.99999998,2.68503252665202
383377.000000009,4462484.99999998,2.32231100400289
384277.000000009,4462484.99999998,2.44527302847968
385177.000000009,4462484.99999998,2.17433174451192
383377.000000009,4461584.99999998,2.85663999451531
384277.000000009,4461584.99999998,2.28259825706482
382477.000000009,4460684.99999998,2.68887305259705
383377.000000009,4460684.99999998,3.53513662020365
384277.000000009,4460684.99999998,2.83215627670288
382477.000000009,4459784.99999998,3.12116702397664
383377.000000009,4459784.99999998,3.25055358144972
382477.000000009,4458884.99999998,3.165580590566
383377.000000009,4458884.99999998,3.43151399824354
382477.000000009,4457984.99999998,3.43190145492554
383377.000000009,4457984.99999998,3.419746194567
382477.000000009,4457084.99999998,3.3470755815506
383377.000000009,4457084.99999998,3.53503423266941
384277.000000009,4457084.99999998,3.47110716501872
383377.000000009,4456184.99999998,2.98898320198059
384277.000000009,4456184.99999998,2.93463031450907
385177.000000009,4456184.99999998,3.06678718328476
384277.000000009,4455284.99999998,2.42053949832916
385177.000000009,4455284.99999998,2.67659330368042
386077.000000009,4455284.99999998,2.56281805038452
384277.000000009,4454384.99999998,2.80956673622131
385177.000000009,4454384.99999998,2.42991638183594
386077.000000009,4454384.99999998,2.51637140909831
386977.000000009,4454384.99999998,2.81447641054789
385177.000000009,4453484.99999998,3.05439281463623
386077.000000009,4453484.99999998,2.39998969435692
386977.000000009,4453484.99999998,2.54520532488823
387877.000000009,4453484.99999998,3.27104461193085
385177.000000009,4452584.99999998,2.78284907341003
386077.000000009,4452584.99999998,3.19535170282636
386977.000000009,4452584.99999998,2.61756878428989
387877.000000009,4452584.99999998,2.49353334307671
388777.000000009,4452584.99999998,2.96357142925262
386977.000000009,4451684.99999998,3.02885127067566
387877.000000009,4451684.99999998,2.73277762532234
388777.000000009,4451684.99999998,2.82456469535828
389677.000000009,4451684.99999998,2.62142306566238
387877.000000009,4450784.99999998,3.14137053489685
388777.000000009,4450784.99999998,3.11787191033363
389677.000000009,4450784.99999998,3.15649257765876
390577.000000009,4450784.99999998,2.60860541888646
391477.000000009,4450784.99999998,2.29268312454224
388777.000000009,4449884.99999998,2.31965374946594
389677.000000009,4449884.99999998,2.67424631118774
390577.000000009,4449884.99999998,2.96004609266917
391477.000000009,4449884.99999998,2.69713062047958
389677.000000009,4448984.99999998,2.21783673763275
390577.000000009,4448984.99999998,2.16551265120506
391477.000000009,4448984.99999998,2.10785799367087
392377.000000008,4448984.99999998,2.55334162712097
390577.000000009,4448084.99999998,2.11840810775757
391477.000000009,4448084.99999998,2.07766943507724
392377.000000008,4448084.99999998,2.01034007753645
393277.000000008,4448084.99999998,1.99571301937103
394177.000000008,4448084.99999998,2.06121045351028
394177.000000008,4447184.99999998,1.96246752142906
395077.000000008,4447184.99999998,2.06275627017021
394177.000000008,4446284.99999998,1.99128177762032
395077.000000008,4446284.99999998,2.00178190072378
395977.000000008,4446284.99999998,2.11847635677883
396877.000000008,4446284.99999998,2.04288601875305
394177.000000008,4445384.99999998,1.96333205699921
395077.000000008,4445384.99999998,1.92132597310202
395977.000000008,4445384.99999998,2.0237681388855
396877.000000008,4445384.99999998,2.13171736399333
396877.000000008,4444484.99999998,2.31279344856739
397777.000000008,4444484.99999998,2.41960954666138
395977.000000008,4443584.99999998,1.90069544315338
396877.000000008,4443584.99999998,1.95112174749374
397777.000000008,4443584.99999998,2.17676239013672
396877.000000008,4442684.99999998,1.83662259578705
397777.000000008,4442684.99999998,2.0658948123455
398677.000000008,4442684.99999998,2.00121740500132
399577.000000008,4442684.99999998,1.80650019645691
397777.000000008,4441784.99999998,1.84050941467285
398677.000000008,4441784.99999998,1.72393822669983
399577.000000008,4441784.99999998,1.81833043694496
400477.000000008,4441784.99999998,1.89496775468191
401377.000000008,4441784.99999998,1.71834468841553
401377.000000008,4440884.99999998,1.8338035941124
402277.000000008,4440884.99999998,1.81461536884308
403177.000000008,4440884.99999998,2.40111464262009
404077.000000008,4440884.99999998,1.78411120176315
404077.000000008,4439984.99999998,1.98499069213867
404977.000000008,4439984.99999998,1.9702715476354
404977.000000008,4439084.99999998,1.56690337657928
405877.000000008,4439084.99999998,1.57254707813263
404977.000000008,4438184.99999998,1.71212422847748
405877.000000008,4438184.99999998,1.72612837382725
404977.000000008,4437284.99999998,1.62243175506592
405877.000000008,4437284.99999998,1.73859522342682
406777.000000008,4437284.99999998,1.85854949951172
405877.000000008,4436384.99999998,1.58548410733541
406777.000000008,4436384.99999998,1.78026956319809
406777.000000008,4435484.99999998,1.71092137694359
407677.000000008,4435484.99999998,2.01416556040446
406777.000000008,4434584.99999998,1.47431552410126
407677.000000008,4434584.99999998,2.04830927848816
407677.000000008,4433684.99999998,1.69853790601095
406777.000000008,4432784.99999998,1.68709754943848
407677.000000008,4432784.99999998,2.26232461134593
407677.000000008,4431884.99999998,2.05008975664775
407677.000000008,4430984.99999998,2.21069637366704
406777.000000008,4430084.99999998,1.41758769750595
407677.000000008,4430084.99999998,1.92892231260027
408577.000000007,4430084.99999998,2.32969774518694
409477.000000007,4430084.99999998,1.76604287964957
410377.000000007,4430084.99999998,1.46608883142471
411277.000000007,4430084.99999998,1.46691143512726
406777.000000008,4429184.99999998,2.28292143344879
407677.000000008,4429184.99999998,1.97452961073981
408577.000000007,4429184.99999998,2.23338720533583
409477.000000007,4429184.99999998,1.68712002890451
410377.000000007,4429184.99999998,1.47609323263168
411277.000000007,4429184.99999998,1.44986383120219
407677.000000008,4428284.99999998,2.12615624070168
408577.000000007,4428284.99999998,2.30694315168593
409477.000000007,4428284.99999998,1.85229583581289
412177.000000007,4428284.99999998,1.4957263469696
407677.000000008,4427384.99999998,2.17017218044826
408577.000000007,4427384.99999998,2.21018241511451
409477.000000007,4427384.99999998,1.75106534361839
412177.000000007,4427384.99999998,1.80156445503235
413077.000000007,4427384.99999998,2.25830268859863
406777.000000008,4426484.99999998,2.41764855384827
407677.000000008,4426484.99999998,2.20231137956892
408577.000000007,4426484.99999998,2.112305149436
409477.000000007,4426484.99999998,2.15412101149559
411277.000000007,4426484.99999998,1.4536726474762
412177.000000007,4426484.99999998,2.20245838165283
413077.000000007,4426484.99999998,1.7832103172938
413977.000000007,4426484.99999998,1.48371251424154
407677.000000008,4425584.99999998,1.84144377708435
408577.000000007,4425584.99999998,1.88491311338213
409477.000000007,4425584.99999998,1.98044807570321
410377.000000007,4425584.99999998,1.31002616882324
413977.000000007,4425584.99999998,1.78036083115472
414877.000000007,4425584.99999998,1.41251969337463
407677.000000008,4424684.99999998,1.96636915206909
408577.000000007,4424684.99999998,1.75760425461663
409477.000000007,4424684.99999998,2.1146232287089
410377.000000007,4424684.99999998,1.74636971950531
413977.000000007,4424684.99999998,1.78362352848053
414877.000000007,4424684.99999998,1.83443860709667
415777.000000007,4424684.99999998,2.11759734153748
408577.000000007,4423784.99999998,2.18787908554077
409477.000000007,4423784.99999998,2.19777687390645
414877.000000007,4423784.99999998,1.35682018597921
415777.000000007,4423784.99999998,2.00086286067963
414877.000000007,4422884.99999998,1.92730780442556
415777.000000007,4422884.99999998,1.94889334837596
416677.000000007,4422884.99999998,1.64481317996979
414877.000000007,4421984.99999998,1.39187586307526
415777.000000007,4421984.99999998,1.83598766061995
416677.000000007,4421984.99999998,1.90069232384364
415777.000000007,4421084.99999998,1.79937903881073
416677.000000007,4421084.99999998,1.89169722133213
417577.000000007,4421084.99999998,1.271444439888
415777.000000007,4420184.99999998,1.18645548820496
416677.000000007,4420184.99999998,1.45105221867561
417577.000000007,4420184.99999998,1.86304876208305
416677.000000007,4419284.99999998,1.51264190673828
417577.000000007,4419284.99999998,1.55166407426198
418477.000000007,4419284.99999998,1.73186457157135
419377.000000007,4419284.99999998,1.23665124177933
417577.000000007,4418384.99999998,1.5155523121357
418477.000000007,4418384.99999998,1.88949187596639
419377.000000007,4418384.99999998,1.71608808636665
420277.000000007,4418384.99999998,1.52692297101021
418477.000000007,4417484.99999998,1.78024882929666
419377.000000007,4417484.99999998,1.74420461058617
420277.000000007,4417484.99999998,1.88724088668823
418477.000000007,4416584.99999998,1.52080368995667
419377.000000007,4416584.99999998,1.78924965858459
420277.000000007,4416584.99999998,1.5823929309845
421177.000000007,4416584.99999998,1.58560609817505
420277.000000007,4415684.99999998,1.32735729217529
421177.000000007,4415684.99999998,1.19178278446198
421177.000000007,4414784.99999998,1.26316157976786
421177.000000007,4413884.99999998,1.129523396492
422077.000000007,4413884.99999998,1.75295074780782
421177.000000007,4412984.99999998,1.46150846481323
422077.000000007,4412984.99999998,1.63205400535039
422977.000000007,4412984.99999998,1.92878711223602
421177.000000007,4412084.99999998,1.64699359734853
422077.000000007,4412084.99999998,1.51466381549835
422977.000000007,4412084.99999998,1.46285228431225
423877.000000007,4412084.99999998,1.73919683694839
422077.000000007,4411184.99999998,1.61075356602669
422977.000000007,4411184.99999998,1.62215248743693
423877.000000007,4411184.99999998,1.60105812549591
424777.000000006,4411184.99999998,1.29106165965398
422077.000000007,4410284.99999998,1.89191210269928
423877.000000007,4410284.99999998,1.0777086019516
424777.000000006,4410284.99999998,1.25659557751247
425677.000000006,4410284.99999998,1.24777221679688
426577.000000006,4410284.99999998,1.2597770690918
424777.000000006,4409384.99999998,1.04499924182892
425677.000000006,4409384.99999998,1.12460875511169
426577.000000006,4409384.99999998,1.04021272659302
427477.000000006,4409384.99999998,1.01535093784332
426577.000000006,4408484.99999998,1.27226130167643
427477.000000006,4408484.99999998,1.19197589159012
426577.000000006,4407584.99999998,1.09314012527466
427477.000000006,4407584.99999998,1.14277388652166
426577.000000006,4406684.99999998,1.56917272011439
427477.000000006,4406684.99999998,1.33380514383316
426577.000000006,4405784.99999998,1.40887707471848
427477.000000006,4405784.99999998,1.20843507349491
427477.000000006,4404884.99999998,1.23507920900981
426577.000000006,4403984.99999998,1.03181773424149
427477.000000006,4403984.99999998,1.41422545909882
426577.000000006,4403084.99999998,1.28599750995636
427477.000000006,4403084.99999998,1.4047425587972
428377.000000006,4403084.99999998,1.17786037921906
426577.000000006,4402184.99999998,1.24275386333466
427477.000000006,4402184.99999998,1.56497899691264
428377.000000006,4402184.99999998,1.32887931664785
426577.000000006,4401284.99999998,1.80594674746195
427477.000000006,4401284.99999998,1.63741609785292
428377.000000006,4401284.99999998,1.14916970332464
426577.000000006,4400384.99999998,1.49621152877808
427477.000000006,4400384.99999998,1.56468591425154
428377.000000006,4400384.99999998,1.44392802715302
427477.000000006,4399484.99999998,1.29717259407043
428377.000000006,4399484.99999998,1.53082625071208
427477.000000006,4398584.99999998,1.0389329791069
428377.000000006,4398584.99999998,1.49825532734394
427477.000000006,4397684.99999998,1.56659498214722
428377.000000006,4397684.99999998,1.62395127614339
427477.000000006,4396784.99999998,1.54525597890218
428377.000000006,4396784.99999998,1.48262444138527
429277.000000006,4396784.99999998,1.39246114095052
428377.000000006,4395884.99999998,1.34019337594509
429277.000000006,4395884.99999998,1.43952078289456
430177.000000006,4395884.99999998,1.3663633108139
429277.000000006,4394984.99999998,1.14767402410507
430177.000000006,4394984.99999998,1.54503200735365
429277.000000006,4394084.99999998,1.36941432952881
430177.000000006,4394084.99999998,1.63120918803745
431077.000000006,4394084.99999998,1.6346760392189
430177.000000006,4393184.99999998,1.53507048743112
431077.000000006,4393184.99999998,1.46625187661913
430177.000000006,4392284.99999998,1.75473793347677
431077.000000006,4392284.99999998,1.65626205338372
430177.000000006,4391384.99999998,1.48753317197164
431077.000000006,4391384.99999998,1.52651429176331
430177.000000006,4390484.99999998,1.46892505884171
431077.000000006,4390484.99999998,1.52256672912174
431977.000000006,4390484.99999998,1.83045256137848
431077.000000006,4389584.99999998,1.47888703644276
431977.000000006,4389584.99999998,1.54911497235298
431077.000000006,4388684.99999998,1.70382728179296
431977.000000006,4388684.99999998,1.67833149433136
431077.000000006,4387784.99999998,1.55132193565369
431977.000000006,4387784.99999998,1.6662118434906
431077.000000006,4386884.99999998,1.35813671350479
431977.000000006,4386884.99999998,1.70506395896276
431077.000000006,4385984.99999998,1.52946507930756
431977.000000006,4385984.99999998,1.37895059585571
431977.000000006,4385084.99999998,1.05679794152578
431077.000000006,4384184.99999998,1.81690979003906
431977.000000006,4384184.99999998,1.5870947043101
431077.000000006,4383284.99999999,1.53555628657341
431977.000000006,4383284.99999999,1.58076855540276
431077.000000006,4382384.99999999,1.455845952034
431977.000000006,4382384.99999999,1.53457217746311
432877.000000006,4382384.99999999,1.70466613769531
431977.000000006,4381484.99999999,1.54935541749001
432877.000000006,4381484.99999999,1.45259235302607
431977.000000006,4380584.99999999,1.32728242874146
432877.000000006,4380584.99999999,1.46714641366686
432877.000000006,4379684.99999999,1.29590052366257
433777.000000006,4379684.99999999,1.24912548065186
432877.000000006,4377884.99999999,1.01715461413066
432877.000000006,4376984.99999999,1.0153132379055
432877.000000006,4376084.99999999,1.01271673043569
432877.000000006,4375184.99999999,1.00953670342763
431977.000000006,4374284.99999999,1.00375878810883
430177.000000006,4373384.99999999,1.24978947639465
431077.000000006,4373384.99999999,1.03190902868907
431977.000000006,4373384.99999999,1.00403881072998
430177.000000006,4372484.99999999,1.54034319519997
431077.000000006,4372484.99999999,1.50524890422821
431977.000000006,4372484.99999999,1.0162752866745
430177.000000006,4371584.99999999,1.5375394821167
431077.000000006,4371584.99999999,1.7327534755071
429277.000000006,4370684.99999999,1.72562396526337
430177.000000006,4370684.99999999,1.50694251060486
429277.000000006,4369784.99999999,1.51653718948364
430177.000000006,4369784.99999999,1.49487237135569
429277.000000006,4368884.99999999,1.28774890899658
430177.000000006,4368884.99999999,1.47217504183451
429277.000000006,4367984.99999999,1.37662436068058
430177.000000006,4367984.99999999,1.31493886311849
429277.000000006,4367084.99999999,1.17234286997053
430177.000000006,4367084.99999999,1.08595669269562
428377.000000006,4366184.99999999,1.28144478797913
429277.000000006,4366184.99999999,1.42489471700456
430177.000000006,4366184.99999999,1.76856410503387
428377.000000006,4365284.99999999,1.41963934898376
429277.000000006,4365284.99999999,1.32754403352737
428377.000000006,4364384.99999999,0.955101907253265
429277.000000006,4364384.99999999,1.24872483313084
430177.000000006,4364384.99999999,1.44724714756012
428377.000000006,4363484.99999999,1.50492310523987
429277.000000006,4363484.99999999,1.54537301593357
428377.000000006,4362584.99999999,1.09865971406301
429277.000000006,4362584.99999999,1.36634343011039
428377.000000006,4361684.99999999,1.15004525581996
429277.000000006,4361684.99999999,1.46431088447571
428377.000000006,4360784.99999999,1.49921735127767
429277.000000006,4360784.99999999,1.51535813013713
428377.000000006,4359884.99999999,1.23137322068214
429277.000000006,4359884.99999999,1.55902847647667
428377.000000006,4358984.99999999,1.36566809245518
429277.000000006,4358984.99999999,1.56702899932861
428377.000000006,4358084.99999999,1.57234679162502
429277.000000006,4358084.99999999,1.17864573001862
428377.000000006,4357184.99999999,1.65446179442936
428377.000000006,4356284.99999999,1.62547794410161
428377.000000006,4355384.99999999,1.61466794013977
428377.000000006,4354484.99999999,1.59044396877289
429277.000000006,4354484.99999999,1.40946322017246
428377.000000006,4353584.99999999,1.55360341072083
429277.000000006,4353584.99999999,1.66722270846367
430177.000000006,4353584.99999999,1.46294514338175
429277.000000006,4352684.99999999,1.66786028941472
430177.000000006,4352684.99999999,1.54623291227553
431077.000000006,4352684.99999999,1.24366843700409
428377.000000006,4351784.99999999,1.79493927955627
429277.000000006,4351784.99999999,1.55374852816264
430177.000000006,4351784.99999999,1.35044596592585
431077.000000006,4351784.99999999,1.15492451190948
429277.000000006,4350884.99999999,1.67986524105072
430177.000000006,4350884.99999999,1.48183635870616
431077.000000006,4350884.99999999,1.76812815666199
430177.000000006,4349984.99999999,1.63536305086953
431077.000000006,4349984.99999999,1.6389479637146
430177.000000006,4349084.99999999,1.46627567495619
430177.000000006,4348184.99999999,1.26823975145817
430177.000000006,4347284.99999999,1.31619968414307
431077.000000006,4347284.99999999,1.63442826271057
430177.000000006,4346384.99999999,1.89198434352875
431077.000000006,4346384.99999999,1.78763614382063
431977.000000006,4346384.99999999,1.83831191062927
431077.000000006,4345484.99999999,1.60141117572784
431977.000000006,4345484.99999999,1.68838319778442
431077.000000006,4344584.99999999,1.72053441405296
431977.000000006,4344584.99999999,1.69347708565848
432877.000000006,4344584.99999999,1.18652188777924
431977.000000006,4343684.99999999,1.56375455856323
432877.000000006,4343684.99999999,1.55417761206627
431977.000000006,4342784.99999999,1.66856832163674
432877.000000006,4342784.99999999,1.67710998654366
431977.000000006,4341884.99999999,1.74399071931839
432877.000000006,4341884.99999999,1.49142208099365
431977.000000006,4340984.99999999,1.74827592372894
432877.000000006,4340984.99999999,1.6544180115064
431977.000000006,4340084.99999999,1.73065928618113
432877.000000006,4340084.99999999,1.77512431144714
431977.000000006,4339184.99999999,1.66554486751556
432877.000000006,4339184.99999999,1.78770260810852
432877.000000006,4338284.99999999,1.76610165834427
433777.000000006,4338284.99999999,1.74555901686351
433777.000000006,4337384.99999999,1.76181931155069
434677.000000006,4337384.99999999,1.68195834755898
433777.000000006,4336484.99999999,1.63940215110779
434677.000000006,4336484.99999999,1.62716415193346
435577.000000006,4336484.99999999,1.54014956951141
434677.000000006,4335584.99999999,1.9302773475647
435577.000000006,4335584.99999999,1.94296205043793
434677.000000006,4334684.99999999,1.71706334749858
435577.000000006,4334684.99999999,1.7428936277117
436477.000000006,4334684.99999999,2.06016421318054
435577.000000006,4333784.99999999,1.6077698128564
436477.000000006,4333784.99999999,1.71983683109283
435577.000000006,4332884.99999999,1.83512508869171
436477.000000006,4332884.99999999,1.8853120803833
435577.000000006,4331984.99999999,2.0784912109375
436477.000000006,4331984.99999999,1.95290693214961
437377.000000006,4331984.99999999,2.12714493274689
436477.000000006,4331084.99999999,1.78258404135704
437377.000000006,4331084.99999999,1.83786678314209
436477.000000006,4330184.99999999,1.92949843406677
437377.000000006,4330184.99999999,1.8288578192393
437377.000000006,4329284.99999999,1.81228040324317
438277.000000006,4329284.99999999,1.51496195793152
437377.000000006,4328384.99999999,1.85787991115025
438277.000000006,4328384.99999999,2.03185882170995
437377.000000006,4327484.99999999,1.87935988108317
438277.000000006,4327484.99999999,1.89606394086565
438277.000000006,4326584.99999999,1.66806926992204
439177.000000005,4326584.99999999,1.5839170217514
438277.000000006,4325684.99999999,1.84827930397458
439177.000000005,4325684.99999999,1.79053491353989
437377.000000006,4324784.99999999,2.02338981628418
438277.000000006,4324784.99999999,1.85189012118748
439177.000000005,4324784.99999999,1.43617185950279
437377.000000006,4323884.99999999,2.03427815437317
438277.000000006,4323884.99999999,2.00471810499827
439177.000000005,4323884.99999999,1.84062863720788
440077.000000005,4323884.99999999,2.05255103111267
438277.000000006,4322984.99999999,2.03556862473488
439177.000000005,4322984.99999999,1.91298751036326
440077.000000005,4322984.99999999,1.749560435613
438277.000000006,4322084.99999999,1.70009630067008
439177.000000005,4322084.99999999,1.98848111099667
440077.000000005,4322084.99999999,1.79022896289825
438277.000000006,4321184.99999999,1.5951806306839
439177.000000005,4321184.99999999,1.61910099453396
440077.000000005,4321184.99999999,1.63846093416214
438277.000000006,4320284.99999999,1.6250967502594
439177.000000005,4320284.99999999,1.47748045126597
440077.000000005,4320284.99999999,1.31526613235474
438277.000000006,4319384.99999999,1.38975286483765
439177.000000005,4319384.99999999,1.62090868420071
437377.000000006,4318484.99999999,1.44570577144623
438277.000000006,4318484.99999999,1.42356634140015
439177.000000005,4318484.99999999,1.41595494747162
437377.000000006,4317584.99999999,1.81261599063873
438277.000000006,4317584.99999999,1.40343936284383
439177.000000005,4317584.99999999,1.20781788229942
436477.000000006,4316684.99999999,1.71967685222626
438277.000000006,4316684.99999999,1.19642289479574
439177.000000005,4316684.99999999,1.20221710205078
436477.000000006,4315784.99999999,1.24108111858368
437377.000000006,4315784.99999999,1.18630158901215
438277.000000006,4315784.99999999,1.19332567850749
434677.000000006,4314884.99999999,2.06344032287598
435577.000000006,4314884.99999999,1.34896147251129
437377.000000006,4314884.99999999,1.18346810340881
438277.000000006,4314884.99999999,1.18850979804993
434677.000000006,4313984.99999999,1.49313068389893
435577.000000006,4313984.99999999,1.49080383777618
436477.000000006,4313984.99999999,1.49720799922943
437377.000000006,4313984.99999999,1.177011936903
434677.000000006,4313084.99999999,1.33000520865122
435577.000000006,4313084.99999999,1.60567279656728
436477.000000006,4313084.99999999,1.38266084591548
434677.000000006,4312184.99999999,1.44739238421122
435577.000000006,4312184.99999999,1.28428643941879
436477.000000006,4312184.99999999,1.60899347066879
435577.000000006,4311284.99999999,1.4184632897377
436477.000000006,4311284.99999999,1.25462961196899
434677.000000006,4310384.99999999,1.41282498836517
435577.000000006,4310384.99999999,1.73848015732235
436477.000000006,4310384.99999999,1.26083645820618
434677.000000006,4309484.99999999,1.52093803882599
435577.000000006,4309484.99999999,1.73213750123978
436477.000000006,4309484.99999999,1.47640786852155
435577.000000006,4308584.99999999,1.66640861829122
436477.000000006,4308584.99999999,1.67434677055904
435577.000000006,4307684.99999999,1.24958477417628
436477.000000006,4307684.99999999,1.73730793264177
437377.000000006,4307684.99999999,1.655570824941
438277.000000006,4307684.99999999,2.03382349014282
435577.000000006,4306784.99999999,1.39555084705353
436477.000000006,4306784.99999999,1.61769245352064
437377.000000006,4306784.99999999,1.69147495925426
438277.000000006,4306784.99999999,1.51322829723358
437377.000000006,4305884.99999999,1.93884170055389
438277.000000006,4305884.99999999,1.37303532494439
439177.000000005,4305884.99999999,1.33005380630493
438277.000000006,4304984.99999999,1.60582166910172
439177.000000005,4304984.99999999,1.47198009490967
440077.000000005,4304984.99999999,1.79734981060028
439177.000000005,4304084.99999999,1.48167295115335
440077.000000005,4304084.99999999,1.42482480406761
440977.000000005,4304084.99999999,1.0879145860672
439177.000000005,4303184.99999999,1.43849861621857
440077.000000005,4303184.99999999,1.2394935157564
440977.000000005,4303184.99999999,1.60515113671621
441877.000000005,4303184.99999999,1.45715832710266
440077.000000005,4302284.99999999,1.79650947451591
440977.000000005,4302284.99999999,1.77890336513519
441877.000000005,4302284.99999999,1.73514375421736
442777.000000005,4302284.99999999,1.6782167673111
440977.000000005,4301384.99999999,1.28529969851176
441877.000000005,4301384.99999999,1.53420278761122
442777.000000005,4301384.99999999,1.72552698188358
441877.000000005,4300484.99999999,1.22015945613384
442777.000000005,4300484.99999999,1.65750891821725
443677.000000005,4300484.99999999,1.70872712135315
441877.000000005,4299584.99999999,1.64502187569936
442777.000000005,4299584.99999999,1.5658552646637
443677.000000005,4299584.99999999,1.64173708856106
444577.000000005,4299584.99999999,1.87962609529495
442777.000000005,4298684.99999999,1.57808315753937
443677.000000005,4298684.99999999,1.49217709898949
444577.000000005,4298684.99999999,1.81304597854614
445477.000000005,4298684.99999999,1.63152873516083
443677.000000005,4297784.99999999,1.91590481996536
444577.000000005,4297784.99999999,1.72920240461826
445477.000000005,4297784.99999999,1.83457858860493
446377.000000005,4297784.99999999,1.6409994661808
444577.000000005,4296884.99999999,1.67539918422699
445477.000000005,4296884.99999999,1.6987356543541
446377.000000005,4296884.99999999,1.81922197341919
447277.000000005,4296884.99999999,1.72129482030869
446377.000000005,4295984.99999999,1.74981834888458
447277.000000005,4295984.99999999,1.85510989597866
447277.000000005,4295084.99999999,1.52277970314026
448177.000000005,4295084.99999999,1.64412233829498
449077.000000005,4295084.99999999,1.85011047124863
449977.000000005,4295084.99999999,1.60110950469971
448177.000000005,4294184.99999999,1.78281287352244
449077.000000005,4294184.99999999,1.67351146042347
449977.000000005,4294184.99999999,1.78440124647958
450877.000000005,4294184.99999999,1.89732551574707
449977.000000005,4293284.99999999,1.52526199817657
450877.000000005,4293284.99999999,1.57703070640564
450877.000000005,4292384.99999999,1.8672442138195
451777.000000005,4292384.99999999,1.62824883063634
452677.000000005,4292384.99999999,1.45531064271927
451777.000000005,4291484.99999999,1.7472794453303
452677.000000005,4291484.99999999,1.86761981248856
453577.000000005,4291484.99999999,1.37311339378357
452677.000000005,4290584.99999999,1.61870886385441
453577.000000005,4290584.99999999,1.56500718990962
453577.000000005,4289684.99999999,1.52521685191563
453577.000000005,4288784.99999999,1.54703193902969
454477.000000005,4288784.99999999,1.67390773977552
455377.000000004,4288784.99999999,1.46032476425171
453577.000000005,4287884.99999999,1.28308582305908
454477.000000005,4287884.99999999,1.42649791240692
455377.000000004,4287884.99999999,1.74226543307304
456277.000000004,4287884.99999999,1.68483827114105
457177.000000004,4287884.99999999,1.91504693031311
455377.000000004,4286984.99999999,1.55746752023697
456277.000000004,4286984.99999999,1.45694243907928
457177.000000004,4286984.99999999,1.7176022699901
458077.000000004,4286984.99999999,1.85153675079346
457177.000000004,4286084.99999999,1.61570483446121
458077.000000004,4286084.99999999,1.73430816829205
458977.000000004,4286084.99999999,1.7663981517156
458077.000000004,4285184.99999999,1.44600421190262
458977.000000004,4285184.99999999,1.62617737054825
459877.000000004,4285184.99999999,1.68371323744456
458977.000000004,4284284.99999999,1.62735283374786
459877.000000004,4284284.99999999,1.61213456094265
460777.000000004,4284284.99999999,1.99684393405914
459877.000000004,4283384.99999999,1.41560935974121
460777.000000004,4283384.99999999,1.74799196720123
461677.000000004,4283384.99999999,1.52892065048218
460777.000000004,4282484.99999999,1.95346331596375
461677.000000004,4282484.99999999,1.59664855003357
462577.000000004,4282484.99999999,1.1750910282135
461677.000000004,4281584.99999999,1.68522779941559
462577.000000004,4281584.99999999,1.48308756947517
461677.000000004,4280684.99999999,1.82798171043396
462577.000000004,4280684.99999999,1.58060765266418
463477.000000004,4280684.99999999,1.56713935732841
462577.000000004,4279784.99999999,1.23852729797363
463477.000000004,4279784.99999999,1.74860554933548
463477.000000004,4278884.99999999,1.38539441426595
464377.000000004,4278884.99999999,1.74360575675964
463477.000000004,4277984.99999999,1.46697819232941
464377.000000004,4277984.99999999,1.65312035381794
465277.000000004,4277984.99999999,1.25436881184578
464377.000000004,4277084.99999999,1.63687527179718
465277.000000004,4277084.99999999,1.46709485848745
465277.000000004,4276184.99999999,1.67972013950348
466177.000000004,4276184.99999999,1.74755036830902
466177.000000004,4275284.99999999,1.74328136444092
466177.000000004,4274384.99999999,1.82470667362213
467077.000000004,4274384.99999999,1.46562235695975
467977.000000004,4274384.99999999,1.53514158725739
467077.000000004,4273484.99999999,1.68507756789525
467977.000000004,4272584.99999999,1.5051884121365
468877.000000004,4272584.99999999,1.12737862269084
467977.000000004,4271685,1.56733401616414
468877.000000004,4271685,1.8439063514982
468877.000000004,4270785,1.83035707473755
469777.000000003,4270785,1.91536174714565
469777.000000003,4269885,1.55284682341984
469777.000000003,4268985,1.49043539166451
470677.000000003,4268985,1.22403872013092
470677.000000003,4268085,1.48290781974792
471577.000000003,4268085,1.8898496389389
472477.000000003,4268085,1.85509818792343
472477.000000003,4267185,2.05049240589142
472477.000000003,4266285,2.16327512264252
473377.000000003,4266285,1.91693423191706
474277.000000003,4266285,1.4591813882192
475177.000000003,4266285,1.33107376098633
473377.000000003,4265385,1.89667030175527
474277.000000003,4265385,1.94558112323284
475177.000000003,4265385,1.88472902774811
476077.000000003,4265385,2.04994297027588
475177.000000003,4264485,1.86530327796936
476077.000000003,4264485,1.90354992449284
476077.000000003,4263585,1.90105466047923
476977.000000003,4263585,1.84878263473511
476977.000000003,4262685,2.03553464015325
477877.000000003,4262685,1.61621460318565
478777.000000003,4262685,2.27017343044281
477877.000000003,4261785,2.12443522612254
478777.000000003,4261785,1.94128760695457
479677.000000003,4261785,1.74511901537577
478777.000000003,4260885,2.13350200653076
479677.000000003,4260885,1.94913270076116
480577.000000003,4260885,1.92221190248217
479677.000000003,4259985,2.10896396636963
480577.000000003,4259985,2.05572300487094
481477.000000003,4259985,2.04333996772766
482377.000000003,4259985,1.70333963632584
483277.000000003,4259985,1.76832774281502
480577.000000003,4259085,1.58872187137604
481477.000000003,4259085,2.02840939589909
482377.000000003,4259085,1.69464107354482
483277.000000003,4259085,1.37576568126678
484177.000000003,4259085,1.90900750160217
485077.000000003,4259085,2.02017998695374
484177.000000003,4258185,1.45940013726552
485077.000000003,4258185,1.78682208061218
485077.000000003,4257285,1.57057885328929
485977.000000002,4257285,1.94440029348646
486877.000000002,4257285,1.82825231552124
485977.000000002,4256385,1.59666961431503
486877.000000002,4256385,1.92712165911992
486877.000000002,4255485,1.71188762187958
487777.000000002,4255485,1.75478331744671
488677.000000002,4255485,1.57143206596375
486877.000000002,4254585,1.66389006376266
487777.000000002,4254585,1.51492150624593
488677.000000002,4254585,1.68977938095729
489577.000000002,4254585,1.83709985017776
488677.000000002,4253685,1.39292180538177
489577.000000002,4253685,1.91436839103699
487777.000000002,4252785,1.16918241977692
488677.000000002,4252785,1.40924566984177
489577.000000002,4252785,1.83612588473729
489577.000000002,4251885,1.68367836475372
490477.000000002,4251885,1.53327624003092
489577.000000002,4250985,1.30953085422516
490477.000000002,4250985,1.4168941123145
490477.000000002,4250085,1.53002375364304
491377.000000002,4250085,1.47358232736588
491377.000000002,4249185,1.39787487983704
492277.000000002,4249185,1.79187628626823
492277.000000002,4248285,1.71215772628784
492277.000000002,4247385,1.42899894714355
493177.000000002,4247385,1.67366370558739
493177.000000002,4246485,1.45373022556305
491377.000000002,4245585,1.84088462591171
492277.000000002,4245585,1.79754853248596
493177.000000002,4245585,1.09595394134521
491377.000000002,4244685,1.62481101353963
492277.000000002,4244685,1.57358820097787
493177.000000002,4244685,1.35105256239573
494077.000000002,4244685,1.06413547197978
491377.000000002,4243785,1.69722509384155
492277.000000002,4243785,1.39404944578807
493177.000000002,4243785,1.37298412322998
494077.000000002,4243785,1.0516744852066
492277.000000002,4242885,1.41061525874668
493177.000000002,4242885,1.19383291900158
492277.000000002,4241985,1.11943838331434
493177.000000002,4241985,1.23435459534327
492277.000000002,4241085,1.16060736179352
493177.000000002,4241085,1.08395965397358
494077.000000002,4241085,1.53884065151215
496777.000000002,4241085,0.99754586815834
492277.000000002,4240185,1.36411952972412
493177.000000002,4240185,1.32983197106255
494077.000000002,4240185,1.14404187202454
495877.000000002,4240185,1.00543608268102
496777.000000002,4240185,0.981694921851158
497677.000000002,4240185,1.07650802532832
498577.000000002,4240185,1.53847581148148
493177.000000002,4239285,1.0020343263944
494077.000000002,4239285,1.13611901468701
494977.000000002,4239285,1.38074300289154
495877.000000002,4239285,1.27652626378196
496777.000000002,4239285,0.963598906993866
497677.000000002,4239285,1.01264834403992
498577.000000002,4239285,1.38914692401886
499477.000000002,4239285,1.58916354179382
493177.000000002,4238385,1.11077442339488
494077.000000002,4238385,1.11872046523624
494977.000000002,4238385,1.28651864661111
495877.000000002,4238385,1.34134668774075
496777.000000002,4238385,1.16778392791748
498577.000000002,4238385,1.07770895957947
499477.000000002,4238385,1.33514222502708
500377.000000002,4238385,0.88916289806366
493177.000000002,4237485,1.15736919641495
494077.000000002,4237485,1.10612975226508
494977.000000002,4237485,1.3885194129414
495877.000000002,4237485,1.26459662781821
496777.000000002,4237485,1.41255042288038
497677.000000002,4237485,1.36146533489227
498577.000000002,4237485,0.905464082956314
499477.000000002,4237485,1.21655138731003
500377.000000002,4237485,1.42219003041585
495877.000000002,4236585,1.50752254327138
496777.000000002,4236585,1.09557543198268
497677.000000002,4236585,1.31636773794889
498577.000000002,4236585,1.23241573572159
499477.000000002,4236585,1.10776889324188
500377.000000002,4236585,1.08752840012312
496777.000000002,4235685,1.4297669728597
497677.000000002,4235685,1.2276712457339
498577.000000002,4235685,1.28051795278277
499477.000000002,4235685,0.885038495063782
500377.000000002,4235685,0.991194605827332
501277.000000002,4235685,1.10608266294003
497677.000000002,4234785,1.55521583557129
498577.000000002,4234785,1.25666999816895
499477.000000002,4234785,1.41340327262878
501277.000000002,4234785,0.871572926640511
502177.000000001,4234785,1.12807617584864
498577.000000002,4233885,1.26550557216008
499477.000000002,4233885,1.13853378593922
500377.000000002,4233885,1.30004048347473
501277.000000002,4233885,0.848259031772614
502177.000000001,4233885,0.865576465924581
498577.000000002,4232985,1.05781590938568
499477.000000002,4232985,0.893645803133647
500377.000000002,4232985,1.06822672060558
501277.000000002,4232985,0.85229367017746
498577.000000002,4232085,1.22437691688538
499477.000000002,4232085,0.909684108363258
500377.000000002,4232085,1.07088057994843
498577.000000002,4231185,1.01294505596161
499477.000000002,4231185,0.925940884484185
500377.000000002,4231185,0.977973006665707
501277.000000002,4231185,0.862647354602814
499477.000000002,4230285,1.00214425155095
500377.000000002,4230285,1.13967079586453
501277.000000002,4230285,1.25120823383331
499477.000000002,4229385,1.35115432739258
500377.000000002,4229385,1.34584563119071
501277.000000002,4229385,1.33447636876787
500377.000000002,4228485,1.18082118034363
501277.000000002,4228485,1.18021741178301
502177.000000001,4228485,1.2515321799687
501277.000000002,4227585,1.0713668346405
502177.000000001,4227585,1.25357241100735
503077.000000001,4227585,0.906866510709127
501277.000000002,4226685,1.43986189365387
502177.000000001,4226685,1.25196854770184
503077.000000001,4226685,0.979625006516775
502177.000000001,4225785,1.00878235366609
503077.000000001,4225785,1.15425040721893
503977.000000001,4225785,1.45216488838196
501277.000000002,4224885,1.10781621932983
502177.000000001,4224885,0.968172185122967
503077.000000001,4224885,1.22236997634172
503977.000000001,4224885,0.952661767601967
502177.000000001,4223985,1.18260461091995
503077.000000001,4223985,1.25051289796829
503977.000000001,4223985,0.932210579514503
503077.000000001,4223085,1.26220466693242
503977.000000001,4223085,0.806053549051285
503077.000000001,4222185,1.2561978565322
503977.000000001,4222185,0.800305768847466
503077.000000001,4221285,1.15642940146582
503977.000000001,4221285,0.794054249922434
502177.000000001,4220385,1.21046074231466
503077.000000001,4220385,1.30916395187378
503977.000000001,4220385,0.790599703788757
503077.000000001,4219485,0.959543168544769
503077.000000001,4217685,0.763483464717865
502177.000000001,4216785,0.755044082800547
502177.000000001,4215885,0.747930824756622
502177.000000001,4214985,0.74323034286499
501277.000000002,4214085,0.736698865890503
500377.000000002,4213185,0.72694006562233
501277.000000002,4213185,0.726391804218292
500377.000000002,4212285,0.71881976723671
501277.000000002,4212285,0.717808028062185
500377.000000002,4211385,0.70927529335022
500377.000000002,4210485,0.700519055128098
499477.000000002,4209585,0.691261410713196
500377.000000002,4209585,0.69305807352066
499477.000000002,4208685,0.696475660800934
500377.000000002,4208685,0.693452755610148
503077.000000001,4208685,0.713865101337433
503977.000000001,4208685,0.686018347740173
505777.000000001,4208685,0.795992294947306
506677.000000001,4208685,1.62636005878448
507577.000000001,4208685,1.87988895177841
509377.000000001,4208685,1.82461547851562
499477.000000002,4207785,0.788268198569616
502177.000000001,4207785,0.828476130962372
503077.000000001,4207785,0.760455131530762
507577.000000001,4207785,1.89137047529221
508477.000000001,4207785,1.86058533191681
510277.000000001,4207785,1.80330204963684
511177.000000001,4207785,1.85291102528572
512077.000000001,4207785,2.00272691249847
512977.000000001,4207785,1.84845018386841
498577.000000002,4206885,0.970168352127075
499477.000000002,4206885,0.890077710151672
501277.000000002,4206885,0.930290182431539
502177.000000001,4206885,0.915480390191078
511177.000000001,4206885,1.84100586175919
512077.000000001,4206885,2.16190145909786
512977.000000001,4206885,2.25195796149118
513877.000000001,4206885,2.64774990081787
496777.000000002,4205985,1.70646286010742
497677.000000002,4205985,1.88314231236776
498577.000000002,4205985,1.07653522491455
501277.000000002,4205985,1.17550629377365
502177.000000001,4205985,1.10106694698334
512077.000000001,4205985,2.49630892276764
512977.000000001,4205985,2.19709370533625
513877.000000001,4205985,2.68785166740417
514777.000000001,4205985,2.32267814874649
515677.000000001,4205985,2.17158603668213
496777.000000002,4205085,1.90274822711945
497677.000000002,4205085,2.05129308700562
498577.000000002,4205085,1.75071805053287
499477.000000002,4205085,2.20847194535392
500377.000000002,4205085,2.30476383368174
501277.000000002,4205085,1.95211360851924
502177.000000001,4205085,2.21137766043345
503077.000000001,4205085,2.09735455115636
503977.000000001,4205085,2.24494457244873
504877.000000001,4205085,1.60761421918869
512977.000000001,4205085,1.99185681343079
514777.000000001,4205085,2.44302833080292
515677.000000001,4205085,1.95935304959615
499477.000000002,4204185,1.79189622402191
501277.000000002,4204185,2.12210782368978
502177.000000001,4204185,2.31891199520656
503077.000000001,4204185,2.45323053002357
503977.000000001,4204185,2.30993974208832
515677.000000001,4204185,2.31653507550557
516577,4204185,2.85984010696411
503077.000000001,4203285,2.211132923762
503977.000000001,4203285,2.29284270604452
515677.000000001,4203285,2.14533084630966
516577,4203285,2.87482742468516
517477,4203285,2.2690060933431
517477,4202385,2.20776977539062
518377,4202385,1.76796062787374
517477,4201485,2.28420269489288
518377,4201485,2.18961145480474
518377,4200585,2.07777463065253
518377,4199685,2.42616903781891
519277,4199685,2.16996338367462
520177,4199685,1.74870944023132
518377,4198785,1.9549631357193
519277,4198785,1.72367248535156
520177,4198785,2.27794053554535
521077,4198785,1.96372783184052
518377,4197885,2.13136579990387
519277,4197885,2.07791088308607
520177,4197885,1.85808369517326
521077,4197885,2.14472818374634
521977,4197885,1.77500775456429
518377,4196985,1.89532363414764
519277,4196985,2.17139844596386
520177,4196985,2.00119029151069
521077,4196985,1.84687961472405
521977,4196985,2.1915125184589
522877,4196985,2.20340240001678
519277,4196085,1.84522507588069
520177,4196085,1.74871853987376
521077,4196085,1.84775322013431
521977,4196085,1.76231973701053
522877,4196085,1.67529245217641
519277,4195185,2.3517378171285
520177,4195185,1.90087833669451
521077,4195185,1.39371038807763
521977,4195185,1.30496205223931
522877,4195185,1.26083142227597
523777,4195185,1.30520790815353
529177,4195185,0.776725182930628
530077,4195185,0.782688343524933
530977,4195185,0.784572780132294
520177,4194285,1.72990054743631
521077,4194285,1.62652875317468
521977,4194285,1.25229234165616
522877,4194285,1.1259407069948
523777,4194285,1.21237251493666
524677,4194285,1.20253401994705
525577,4194285,1.04885959625244
527377,4194285,0.833414554595947
528277,4194285,0.806542262434959
529177,4194285,0.765251636505127
530077,4194285,0.774473786354065
530977,4194285,0.772672605514526
531877,4194285,0.766879498958588
520177,4193385,2.30391716957092
521077,4193385,1.73911265532176
521977,4193385,1.86416084236569
522877,4193385,1.22240416208903
523777,4193385,1.1615932252672
524677,4193385,1.58223921722836
525577,4193385,1.49201371934679
526477,4193385,1.17981027066708
527377,4193385,1.10398672819138
528277,4193385,0.791756749153137
531877,4193385,0.808043479919434
532776.999999999,4193385,1.13412296772003
521977,4192485,1.58174341917038
522877,4192485,1.50801926188999
523777,4192485,1.18117870224847
524677,4192485,1.30193005667792
525577,4192485,1.37133929464552
526477,4192485,1.15374145242903
527377,4192485,1.2326764398151
528277,4192485,0.931619193818834
532776.999999999,4192485,0.977342200279236
533676.999999999,4192485,1.16584241390228
534576.999999999,4192485,1.11406993865967
522877,4191585,1.19821314016978
523777,4191585,1.52626090579563
524677,4191585,1.35751181178623
525577,4191585,1.21876789463891
526477,4191585,1.27563434176975
527377,4191585,1.21893256902695
528277,4191585,1.04132790035672
533676.999999999,4191585,0.756883531808853
534576.999999999,4191585,0.816168616215388
535476.999999999,4191585,0.954102620482445
523777,4190685,1.22712967793147
524677,4190685,1.36687582068973
525577,4190685,1.26022904449039
526477,4190685,1.30611597829395
527377,4190685,1.20532895459069
528277,4190685,1.17695592130933
532776.999999999,4190685,0.677503526210785
535476.999999999,4190685,1.07739845911662
536376.999999999,4190685,0.892240067323049
524677,4189785,1.12938306728999
525577,4189785,1.22846825917562
526477,4189785,1.01801659663518
527377,4189785,0.90963124566608
528277,4189785,0.876236607631048
535476.999999999,4189785,0.869594722986221
536376.999999999,4189785,0.894541919231415
537276.999999999,4189785,0.834291895230611
525577,4188885,1.03648980458577
526477,4188885,0.863689204057058
527377,4188885,0.809498687585195
528277,4188885,0.734225193659464
538176.999999999,4188885,0.868970549106598
539076.999999999,4188885,1.25096547603607
526477,4187985,0.791424065828323
528277,4187985,0.738830506801605
530077,4187985,0.678110539913177
530977,4187985,0.676905691623688
537276.999999999,4187985,0.676840603351593
538176.999999999,4187985,0.681015431880951
539076.999999999,4187985,0.971017241477966
530077,4187085,0.677827119827271
530977,4187085,0.675646930932999
531877,4187085,0.667777200539907
536376.999999999,4187085,0.674473822116852
537276.999999999,4187085,0.674853682518005
538176.999999999,4187085,0.678922533988953
539076.999999999,4187085,1.0421888033549
539976.999999999,4187085,0.98949590751103
536376.999999999,4186185,0.665838450193405
537276.999999999,4186185,0.665755599737167
538176.999999999,4186185,0.670372784137726
539076.999999999,4186185,0.914176851511002
539976.999999999,4186185,0.778189361095428
540876.999999999,4186185,0.927863001823425
541776.999999999,4186185,0.952802399794261
542676.999999999,4186185,0.95923262834549
534576.999999999,4185285,0.658259928226471
535476.999999999,4185285,0.662850946187973
536376.999999999,4185285,0.662671715021133
537276.999999999,4185285,0.661928772926331
539976.999999999,4185285,0.66832859814167
540876.999999999,4185285,0.928235845906394
541776.999999999,4185285,0.998816702100966
542676.999999999,4185285,0.673136472702026
534576.999999999,4184385,0.657065749168396
537276.999999999,4184385,0.658349812030792
538176.999999999,4184385,0.65701287984848
539976.999999999,4184385,0.662417650222778
540876.999999999,4184385,0.720658153295517
541776.999999999,4184385,0.899250129858653
535476.999999999,4183485,0.654620200395584
538176.999999999,4183485,0.654177039861679
540876.999999999,4183485,0.659212410449982
539076.999999999,4182585,0.649754270911217
540876.999999999,4182585,0.654501020908356
541776.999999999,4182585,0.655832707881927
539076.999999999,4181685,0.645872128009796
539976.999999999,4181685,0.646155536174774
540876.999999999,4181685,0.649886757135391
542676.999999999,4181685,0.718662589788437
490477.000000002,4180785,2.32720708847046
491377.000000002,4180785,2.28561806678772
490477.000000002,4179885,2.61357895533244
491377.000000002,4179885,2.43975287675858
492277.000000002,4179885,2.56337428092957
491377.000000002,4178985,2.67765474319458
542676.999999999,4178985,0.651359140872955
539076.999999999,4178085,0.629883825778961
540876.999999999,4178085,0.627377152442932
542676.999999999,4178085,0.654232819875081
542676.999999999,4177185,0.654424925645193
496777.000000002,4176285,2.3092622756958
538176.999999999,4176285,0.619814217090607
540876.999999999,4176285,0.634425446391106
541776.999999999,4176285,0.633095002174377
542676.999999999,4176285,0.667920251687368
495877.000000002,4175385,2.28782576322556
496777.000000002,4175385,2.39390623569489
497677.000000002,4175385,2.23985596497854
538176.999999999,4175385,0.616682350635529
539976.999999999,4175385,0.614691510796547
540876.999999999,4175385,0.624303019046783
541776.999999999,4175385,0.626918002963066
542676.999999999,4175385,0.715179135402044
543576.999999999,4175385,0.675755977630615
496777.000000002,4174485,2.29294427803584
497677.000000002,4174485,2.46768355369568
539076.999999999,4174485,0.609744369983673
539976.999999999,4174485,0.643466830253601
540876.999999999,4174485,0.672174893319607
541776.999999999,4174485,0.682801946997643
542676.999999999,4174485,0.661526888608932
543576.999999999,4174485,0.660992940266927
497677.000000002,4173585,2.39954421520233
498577.000000002,4173585,2.3843777179718
499477.000000002,4173585,2.14983296394348
539076.999999999,4173585,0.668916955590248
539976.999999999,4173585,0.665910556912422
540876.999999999,4173585,0.604827702045441
541776.999999999,4173585,0.621021449565887
542676.999999999,4173585,0.662355448518481
543576.999999999,4173585,0.646245201428731
497677.000000002,4172685,2.34899623394012
498577.000000002,4172685,1.63028796513875
499477.000000002,4172685,1.71063954300351
500377.000000002,4172685,2.09192327658335
539076.999999999,4172685,0.597482025623322
539976.999999999,4172685,0.598103046417236
540876.999999999,4172685,0.595534205436707
541776.999999999,4172685,0.626040041446686
542676.999999999,4172685,0.647031327088674
543576.999999999,4172685,0.64967088898023
497677.000000002,4171785,2.12819090485573
498577.000000002,4171785,1.82117303212484
499477.000000002,4171785,2.22318385044734
500377.000000002,4171785,1.97144125401974
501277.000000002,4171785,1.41163945198059
539076.999999999,4171785,0.593961030244827
539976.999999999,4171785,0.592741936445236
540876.999999999,4171785,0.590766131877899
541776.999999999,4171785,0.599368850390116
542676.999999999,4171785,0.648534858226776
543576.999999999,4171785,0.65344055891037
499477.000000002,4170885,2.03610593080521
500377.000000002,4170885,1.84382424751918
501277.000000002,4170885,1.56011211872101
539076.999999999,4170885,0.589307081699371
540876.999999999,4170885,0.586624890565872
541776.999999999,4170885,0.585486650466919
542676.999999999,4170885,0.607936251163483
543576.999999999,4170885,0.645438022911549
544476.999999999,4170885,0.628923892974854
539076.999999999,4169985,0.583727091550827
539976.999999999,4169985,0.582748115062714
540876.999999999,4169985,0.583959102630615
541776.999999999,4169985,0.58014053106308
542676.999999999,4169985,0.598884065945943
543576.999999999,4169985,0.65899133682251
544476.999999999,4169985,0.642287274201711
540876.999999999,4169085,0.579025283455849
541776.999999999,4169085,0.579061269760132
542676.999999999,4169085,0.576302796602249
543576.999999999,4169085,0.662788391113281
544476.999999999,4169085,0.824425896008809
539076.999999999,4168185,0.574272771676381
540876.999999999,4168185,0.572151243686676
541776.999999999,4168185,0.572664002577464
544476.999999999,4168185,0.627240526676178
539076.999999999,4167285,0.571696907281876
540876.999999999,4167285,0.569597125053406
541776.999999999,4167285,0.567650094628334
542676.999999999,4167285,0.564514736334483
544476.999999999,4167285,0.622133195400238
540876.999999999,4166385,0.564540386199951
542676.999999999,4166385,0.559030473232269
544476.999999999,4166385,0.659644881884257
538176.999999999,4165485,0.559312045574188
539076.999999999,4165485,0.556953266263008
539976.999999999,4165485,0.555426239967346
540876.999999999,4165485,0.557964563369751
541776.999999999,4165485,0.554117679595947
542676.999999999,4165485,0.551990628242493
543576.999999999,4165485,0.549367308616638
544476.999999999,4165485,0.773991674184799
538176.999999999,4164585,0.551215648651123
539076.999999999,4164585,0.554308593273163
540876.999999999,4164585,0.548853933811188
541776.999999999,4164585,0.547900021076202
543576.999999999,4164585,0.539881587028503
537276.999999999,4163685,0.552478611469269
538176.999999999,4163685,0.551890850067139
540876.999999999,4163685,0.545655488967896
541776.999999999,4163685,0.54510885477066
543576.999999999,4163685,0.724269270896912
